{
  "stage": "best_val",
  "epoch": 27,
  "fold": 1,
  "weight_shape": [
    8192,
    561
  ],
  "singular_values": [
    4.2882585525512695,
    3.457998514175415,
    3.2605361938476562,
    3.171567440032959,
    2.734999179840088,
    2.7276148796081543,
    2.7211923599243164,
    2.7172224521636963,
    2.7088754177093506,
    2.704336404800415,
    2.699932336807251,
    2.694714069366455,
    2.6904234886169434,
    2.684845209121704,
    2.6763064861297607,
    2.6754751205444336,
    2.6701200008392334,
    2.6653783321380615,
    2.6647751331329346,
    2.664379835128784,
    2.659588098526001,
    2.6504454612731934,
    2.648350238800049,
    2.6442596912384033,
    2.641920804977417,
    2.639857530593872,
    2.6360597610473633,
    2.633411169052124,
    2.6301841735839844,
    2.626417875289917,
    2.6251108646392822,
    2.6220264434814453,
    2.6187033653259277,
    2.616758346557617,
    2.6141891479492188,
    2.6123459339141846,
    2.609654426574707,
    2.607468366622925,
    2.6022775173187256,
    2.5996196269989014,
    2.596524715423584,
    2.595334768295288,
    2.591290235519409,
    2.5901284217834473,
    2.5881259441375732,
    2.5834383964538574,
    2.582568407058716,
    2.5753824710845947,
    2.5750746726989746,
    2.572321891784668,
    2.568105697631836,
    2.5667917728424072,
    2.5653395652770996,
    2.5621285438537598,
    2.5601303577423096,
    2.557913303375244,
    2.5561540126800537,
    2.5526363849639893,
    2.5506768226623535,
    2.5480053424835205,
    2.5473580360412598,
    2.543534994125366,
    2.5424745082855225,
    2.5415709018707275,
    2.536012649536133,
    2.5332508087158203,
    2.531609296798706,
    2.5301191806793213,
    2.527255058288574,
    2.525423049926758,
    2.5206706523895264,
    2.519782781600952,
    2.518644332885742,
    2.5157651901245117,
    2.5147321224212646,
    2.512482166290283,
    2.508697748184204,
    2.506654739379883,
    2.504422903060913,
    2.50300931930542,
    2.5010433197021484,
    2.499664545059204,
    2.4965908527374268,
    2.4954168796539307,
    2.49446177482605,
    2.4923551082611084,
    2.4907212257385254,
    2.488940715789795,
    2.486264944076538,
    2.4843318462371826,
    2.483356237411499,
    2.481274366378784,
    2.4771149158477783,
    2.474933385848999,
    2.472499132156372,
    2.469984292984009,
    2.4680919647216797,
    2.4657185077667236,
    2.465198516845703,
    2.4635610580444336,
    2.463052988052368,
    2.4599194526672363,
    2.4590420722961426,
    2.4581246376037598,
    2.45336651802063,
    2.45056414604187,
    2.4498887062072754,
    2.445960521697998,
    2.4447569847106934,
    2.440056085586548,
    2.4388654232025146,
    2.4378206729888916,
    2.4363977909088135,
    2.4355056285858154,
    2.4337055683135986,
    2.430192470550537,
    2.428886890411377,
    2.4285888671875,
    2.4258334636688232,
    2.424124240875244,
    2.4210257530212402,
    2.4181339740753174,
    2.416599750518799,
    2.4153287410736084,
    2.4124348163604736,
    2.4111151695251465,
    2.408756732940674,
    2.406867504119873,
    2.4049317836761475,
    2.4035990238189697,
    2.4020371437072754,
    2.4003117084503174,
    2.3987839221954346,
    2.3979034423828125,
    2.3969149589538574,
    2.393261671066284,
    2.392599582672119,
    2.3907392024993896,
    2.3873002529144287,
    2.385472536087036,
    2.3817906379699707,
    2.379472494125366,
    2.3781375885009766,
    2.3758530616760254,
    2.3747880458831787,
    2.374321699142456,
    2.37235689163208,
    2.3710403442382812,
    2.3673341274261475,
    2.364833354949951,
    2.3632256984710693,
    2.3629040718078613,
    2.360623598098755,
    2.359363079071045,
    2.357088565826416,
    2.3536665439605713,
    2.352041721343994,
    2.3488779067993164,
    2.348520517349243,
    2.3473029136657715,
    2.3444130420684814,
    2.341750144958496,
    2.3400723934173584,
    2.3381011486053467,
    2.337139844894409,
    2.3338351249694824,
    2.3313934803009033,
    2.329596519470215,
    2.3291122913360596,
    2.3274176120758057,
    2.3261678218841553,
    2.3244755268096924,
    2.3225293159484863,
    2.321603775024414,
    2.318788528442383,
    2.317065954208374,
    2.316957950592041,
    2.3150293827056885,
    2.3130178451538086,
    2.3122339248657227,
    2.3089096546173096,
    2.3076834678649902,
    2.3061392307281494,
    2.303579568862915,
    2.3027708530426025,
    2.3000824451446533,
    2.2983293533325195,
    2.2966725826263428,
    2.2960586547851562,
    2.292804479598999,
    2.291722059249878,
    2.2909512519836426,
    2.2878212928771973,
    2.2865447998046875,
    2.285477638244629,
    2.283707857131958,
    2.281859874725342,
    2.2784926891326904,
    2.276973009109497,
    2.275604724884033,
    2.2716503143310547,
    2.2712342739105225,
    2.2697060108184814,
    2.26941180229187,
    2.2677948474884033,
    2.2655303478240967,
    2.265148162841797,
    2.262167453765869,
    2.2607741355895996,
    2.259883403778076,
    2.2570877075195312,
    2.2545881271362305,
    2.2539687156677246,
    2.2514495849609375,
    2.25,
    2.249234914779663,
    2.246508836746216,
    2.246297836303711,
    2.2434821128845215,
    2.2425222396850586,
    2.2396538257598877,
    2.238307476043701,
    2.235685348510742,
    2.2324910163879395,
    2.231368064880371,
    2.2307510375976562,
    2.228922128677368,
    2.22735333442688,
    2.226942539215088,
    2.224052667617798,
    2.2229018211364746,
    2.221367835998535,
    2.2193493843078613,
    2.217238426208496,
    2.215053081512451,
    2.2128264904022217,
    2.212326765060425,
    2.2101192474365234,
    2.2088935375213623,
    2.2048165798187256,
    2.2036306858062744,
    2.201908588409424,
    2.200688362121582,
    2.1990835666656494,
    2.198394536972046,
    2.1960723400115967,
    2.1949634552001953,
    2.191187858581543,
    2.189150810241699,
    2.187941551208496,
    2.186185836791992,
    2.1853597164154053,
    2.1836273670196533,
    2.182830333709717,
    2.1808838844299316,
    2.1781654357910156,
    2.177065134048462,
    2.1765546798706055,
    2.1740591526031494,
    2.173551321029663,
    2.1701862812042236,
    2.1691200733184814,
    2.1680123805999756,
    2.167602062225342,
    2.1663191318511963,
    2.164227247238159,
    2.159745693206787,
    2.159149646759033,
    2.1582207679748535,
    2.1558940410614014,
    2.154069185256958,
    2.1524131298065186,
    2.150388240814209,
    2.1496853828430176,
    2.1477761268615723,
    2.145751953125,
    2.1446456909179688,
    2.142925977706909,
    2.1406772136688232,
    2.139350652694702,
    2.137436628341675,
    2.135974884033203,
    2.131760597229004,
    2.1314268112182617,
    2.131178617477417,
    2.129134178161621,
    2.1265861988067627,
    2.1243896484375,
    2.1232872009277344,
    2.1219425201416016,
    2.1210031509399414,
    2.1183481216430664,
    2.116612195968628,
    2.1160991191864014,
    2.1135380268096924,
    2.110220432281494,
    2.1084272861480713,
    2.106853723526001,
    2.1063947677612305,
    2.1055054664611816,
    2.103100061416626,
    2.1015725135803223,
    2.098814010620117,
    2.097299337387085,
    2.096200942993164,
    2.0948307514190674,
    2.0933754444122314,
    2.0914504528045654,
    2.0892114639282227,
    2.0874178409576416,
    2.0870776176452637,
    2.084855794906616,
    2.0828843116760254,
    2.080065965652466,
    2.077289581298828,
    2.0762226581573486,
    2.074687957763672,
    2.0734615325927734,
    2.0729124546051025,
    2.072070837020874,
    2.0690174102783203,
    2.06624436378479,
    2.065537452697754,
    2.0637664794921875,
    2.0612192153930664,
    2.0600357055664062,
    2.059554100036621,
    2.0590384006500244,
    2.056666374206543,
    2.055797576904297,
    2.052065849304199,
    2.0504708290100098,
    2.0498478412628174,
    2.0472099781036377,
    2.046048641204834,
