{
  "stage": "best_val",
  "epoch": 10,
  "fold": 1,
  "weight_shape": [
    8192,
    561
  ],
  "singular_values": [
    3.743969678878784,
    3.5742292404174805,
    3.3579413890838623,
    3.2922568321228027,
    3.199681282043457,
    2.7734265327453613,
    2.7642438411712646,
    2.7625715732574463,
    2.754218578338623,
    2.744180202484131,
    2.741900682449341,
    2.735137701034546,
    2.727876901626587,
    2.723029136657715,
    2.7196381092071533,
    2.71588397026062,
    2.710679769515991,
    2.708427667617798,
    2.7027668952941895,
    2.7012906074523926,
    2.6970090866088867,
    2.695364236831665,
    2.690382719039917,
    2.689338207244873,
    2.6832098960876465,
    2.680013418197632,
    2.6779067516326904,
    2.672957181930542,
    2.6699726581573486,
    2.66784405708313,
    2.6644747257232666,
    2.661896228790283,
    2.6601223945617676,
    2.656200885772705,
    2.6536197662353516,
    2.6522042751312256,
    2.646597385406494,
    2.6453943252563477,
    2.6429617404937744,
    2.640932559967041,
    2.6374289989471436,
    2.634697675704956,
    2.634582996368408,
    2.6325900554656982,
    2.6306214332580566,
    2.6261348724365234,
    2.6221420764923096,
    2.6198840141296387,
    2.6179587841033936,
    2.615777015686035,
    2.6114578247070312,
    2.60905122756958,
    2.60789155960083,
    2.604961395263672,
    2.6047534942626953,
    2.5966687202453613,
    2.595602512359619,
    2.5921969413757324,
    2.5900914669036865,
    2.5884180068969727,
    2.5862462520599365,
    2.583291530609131,
    2.581857919692993,
    2.580976724624634,
    2.576474666595459,
    2.575425386428833,
    2.5740466117858887,
    2.573209524154663,
    2.5691590309143066,
    2.5651731491088867,
    2.562485933303833,
    2.5613152980804443,
    2.5571043491363525,
    2.5559287071228027,
    2.5550246238708496,
    2.5535054206848145,
    2.552551746368408,
    2.550474166870117,
    2.5460455417633057,
    2.5448811054229736,
    2.542879343032837,
    2.5394651889801025,
    2.538860321044922,
    2.533501625061035,
    2.531996011734009,
    2.5318071842193604,
    2.530629873275757,
    2.5298705101013184,
    2.5267763137817383,
    2.523439645767212,
    2.521596908569336,
    2.5202438831329346,
    2.5190353393554688,
    2.5168416500091553,
    2.5129737854003906,
    2.5112948417663574,
    2.5097451210021973,
    2.508474588394165,
    2.5066115856170654,
    2.5052614212036133,
    2.503394603729248,
    2.499878168106079,
    2.49627685546875,
    2.4940133094787598,
    2.4926705360412598,
    2.490391731262207,
    2.488694667816162,
    2.486708641052246,
    2.4859402179718018,
    2.4833922386169434,
    2.481360912322998,
    2.4799201488494873,
    2.477173328399658,
    2.4742109775543213,
    2.473798990249634,
    2.472126007080078,
    2.4683644771575928,
    2.467881917953491,
    2.466560125350952,
    2.463383197784424,
    2.4624319076538086,
    2.460371971130371,
    2.458864212036133,
    2.4551339149475098,
    2.453936815261841,
    2.4521238803863525,
    2.4490997791290283,
    2.448352098464966,
    2.4466185569763184,
    2.4462809562683105,
    2.443417549133301,
    2.442723035812378,
    2.441502571105957,
    2.439798355102539,
    2.4374935626983643,
    2.434349298477173,
    2.432966947555542,
    2.4317309856414795,
    2.428851366043091,
    2.4274580478668213,
    2.425726890563965,
    2.424572229385376,
    2.422743082046509,
    2.421072244644165,
    2.4175257682800293,
    2.4166994094848633,
    2.414191722869873,
    2.4122140407562256,
    2.4103643894195557,
    2.408968687057495,
    2.407111644744873,
    2.4060139656066895,
    2.4035959243774414,
    2.398984909057617,
    2.3976833820343018,
    2.396995782852173,
    2.3966948986053467,
    2.393348217010498,
    2.3924243450164795,
    2.389439821243286,
    2.388263702392578,
    2.3866310119628906,
    2.3845951557159424,
    2.3838939666748047,
    2.381544589996338,
    2.3801746368408203,
    2.378776788711548,
    2.375373601913452,
    2.3744916915893555,
    2.372089147567749,
    2.3708646297454834,
    2.3702268600463867,
    2.3668696880340576,
    2.3656883239746094,
    2.36200213432312,
    2.3606021404266357,
    2.359037399291992,
    2.3581459522247314,
    2.357053279876709,
    2.3550221920013428,
    2.35347056388855,
    2.351623773574829,
    2.349820613861084,
    2.3484489917755127,
    2.3473050594329834,
    2.3451125621795654,
    2.342276096343994,
    2.3406312465667725,
    2.3396756649017334,
    2.3378727436065674,
    2.335472583770752,
    2.3346099853515625,
    2.332503318786621,
    2.3303654193878174,
    2.3274786472320557,
    2.326626777648926,
    2.3249707221984863,
    2.323179244995117,
    2.31984806060791,
    2.3192250728607178,
    2.3160128593444824,
    2.3154067993164062,
    2.313811779022217,
    2.312114953994751,
    2.30979323387146,
    2.308765411376953,
    2.3075084686279297,
    2.306396245956421,
    2.304353952407837,
    2.3024685382843018,
    2.3007709980010986,
    2.2981481552124023,
    2.2964277267456055,
    2.2960426807403564,
    2.2931694984436035,
    2.292424201965332,
    2.288330078125,
    2.2875800132751465,
    2.284895658493042,
    2.2844390869140625,
    2.2810170650482178,
    2.2802631855010986,
    2.280078887939453,
    2.2791337966918945,
    2.275832414627075,
    2.273787260055542,
    2.2736001014709473,
    2.272346258163452,
    2.2700235843658447,
    2.268754243850708,
    2.2674872875213623,
    2.2648892402648926,
    2.263923168182373,
    2.262031316757202,
    2.2598202228546143,
    2.2586350440979004,
    2.257300615310669,
    2.2553093433380127,
    2.2533364295959473,
    2.2519326210021973,
    2.2502777576446533,
    2.248955488204956,
    2.247239351272583,
    2.2449381351470947,
    2.2438912391662598,
    2.2429471015930176,
    2.2424652576446533,
    2.2408928871154785,
    2.236367702484131,
    2.2355196475982666,
    2.2343404293060303,
    2.231931447982788,
    2.2283711433410645,
    2.2272322177886963,
    2.2265255451202393,
    2.223944664001465,
    2.2235655784606934,
    2.220494031906128,
    2.218512535095215,
    2.218092679977417,
    2.217414379119873,
    2.2149596214294434,
    2.213615655899048,
    2.211378574371338,
    2.2095959186553955,
    2.2085390090942383,
    2.207730531692505,
    2.205390453338623,
    2.2016680240631104,
    2.2010879516601562,
    2.1989715099334717,
    2.1967225074768066,
    2.195274591445923,
    2.193880796432495,
    2.193267345428467,
    2.190566062927246,
    2.1886277198791504,
    2.187471389770508,
    2.1869184970855713,
    2.1866214275360107,
    2.1841864585876465,
    2.1838834285736084,
    2.180253744125366,
    2.179699420928955,
    2.177828073501587,
    2.175581455230713,
    2.174938678741455,
    2.17348575592041,
    2.1706182956695557,
    2.1699204444885254,
    2.1685526371002197,
    2.167820453643799,
    2.1640894412994385,
    2.1635537147521973,
    2.161348819732666,
    2.159959554672241,
    2.1582343578338623,
    2.157456398010254,
    2.1565582752227783,
    2.1519598960876465,
    2.1508285999298096,
    2.1501893997192383,
    2.1476824283599854,
    2.1464760303497314,
    2.1440722942352295,
    2.1422064304351807,
    2.140791177749634,
    2.139417886734009,
    2.137928009033203,
    2.136361598968506,
    2.1349074840545654,
    2.132289409637451,
    2.1288275718688965,
    2.127927780151367,
    2.1257760524749756,
    2.1241750717163086,
    2.123438596725464,
    2.1215364933013916,
    2.1205408573150635,
    2.119563102722168,
    2.117539167404175,
    2.1156368255615234,
    2.114818811416626,
    2.1136276721954346,
    2.1111910343170166,
    2.1099283695220947,
    2.1083755493164062,
    2.107278823852539,
    2.105241060256958,
    2.1028554439544678,
    2.1021764278411865,
    2.101102352142334,
    2.0991828441619873,
    2.096464157104492,
    2.095133066177368,
