{
  "stage": "best_val",
  "epoch": 39,
  "weight_shape": [
    256,
    50000
  ],
  "singular_values": [
    21.782880783081055,
    15.033437728881836,
    1.9704653024673462,
    1.3724987506866455,
    1.1427257061004639,
    0.9901162981987,
    0.6994871497154236,
    0.680454671382904,
    0.6500800251960754,
    0.6465280055999756,
    0.6327487230300903,
    0.6292291283607483,
    0.6282694339752197,
    0.6266316771507263,
    0.6233397126197815,
    0.6225913763046265,
    0.621639609336853,
    0.6208772659301758,
    0.6196503043174744,
    0.6193560361862183,
    0.6189525723457336,
    0.6184710264205933,
    0.6181578040122986,
    0.6168328523635864,
    0.6164311766624451,
    0.6160252094268799,
    0.6156156659126282,
    0.6154352426528931,
    0.6144760251045227,
    0.6142913699150085,
    0.6139575242996216,
    0.6133668422698975,
    0.6131842136383057,
    0.6122052669525146,
    0.6120432019233704,
    0.6116079092025757,
    0.6109386682510376,
    0.6106375455856323,
    0.6105126142501831,
    0.6100522875785828,
    0.6093618869781494,
    0.6091684103012085,
    0.6087105870246887,
    0.6082439422607422,
    0.6081077456474304,
    0.6077598333358765,
    0.6073079705238342,
    0.607179582118988,
    0.6068158745765686,
    0.6064829230308533,
    0.6062214970588684,
    0.6056197881698608,
    0.6053721308708191,
    0.6050000190734863,
    0.6048970818519592,
    0.6046542525291443,
    0.6043169498443604,
    0.6038783192634583,
    0.6036150455474854,
    0.6033652424812317,
    0.602966845035553,
    0.6027945280075073,
    0.6025404930114746,
    0.6022619605064392,
    0.6016185283660889,
    0.601094663143158,
    0.6009551882743835,
    0.6008173227310181,
    0.6000932455062866,
    0.6000075936317444,
    0.5998378396034241,
    0.5994709134101868,
    0.5993565917015076,
    0.5992474555969238,
    0.598942756652832,
    0.5985357761383057,
    0.5984839797019958,
    0.5982166528701782,
    0.5976033806800842,
    0.5972838997840881,
    0.5968984961509705,
    0.5964077115058899,
    0.5962691903114319,
    0.5958408117294312,
    0.5954985618591309,
    0.5952486991882324,
    0.5950472354888916,
    0.5947542786598206,
    0.5944356322288513,
    0.5941492915153503,
    0.5938136577606201,
    0.5934262871742249,
    0.5929350256919861,
    0.5927495956420898,
    0.5926792621612549,
    0.5922985672950745,
    0.5921003818511963,
    0.5919600129127502,
    0.5916619896888733,
    0.5913925170898438,
    0.5911216735839844,
    0.5907639265060425,
    0.5905247330665588,
    0.590344250202179,
    0.5899574756622314,
    0.5897322297096252,
    0.5893994569778442,
    0.5890134572982788,
    0.5886446237564087,
    0.5884861946105957,
    0.5883277654647827,
    0.5881968140602112,
    0.5878918766975403,
    0.5878567695617676,
    0.5872414112091064,
    0.5871514081954956,
    0.5866004824638367,
    0.5864992737770081,
    0.5861440896987915,
    0.5860009789466858,
    0.585739016532898,
    0.5852740406990051,
    0.5852198600769043,
    0.5847875475883484,
    0.5845391750335693,
    0.5842441916465759,
    0.5841202139854431,
    0.5839682817459106,
    0.5836371779441833,
    0.5834075212478638,
    0.582979142665863,
    0.5828533172607422,
    0.5826760530471802,
    0.5822867751121521,
    0.5819879770278931,
    0.5816627144813538,
    0.581176221370697,
    0.5809363126754761,
    0.5808548927307129,
    0.580322265625,
    0.5800329446792603,
    0.5799338817596436,
    0.5796663761138916,
    0.579416811466217,
    0.5789356231689453,
    0.5788242220878601,
    0.5787530541419983,
    0.5785455703735352,
    0.5781515836715698,
    0.5777682662010193,
    0.5775989890098572,
    0.5772380232810974,
    0.5769467353820801,
    0.576799213886261,
    0.576535165309906,
    0.5759825110435486,
    0.5758739113807678,
    0.5754000544548035,
    0.5752891302108765,
    0.5749046802520752,
    0.5747424364089966,
    0.5745505094528198,
    0.5740891695022583,
    0.573986828327179,
    0.5737321972846985,
    0.5734999775886536,
    0.5732616782188416,
    0.5731374025344849,
    0.572880744934082,
    0.5727953910827637,
    0.5723581910133362,
    0.5721691250801086,
    0.5718789100646973,
    0.5716477036476135,
    0.5711317658424377,
    0.5710338950157166,
    0.5707010626792908,
    0.5703911185264587,
    0.5702250599861145,
    0.5697422623634338,
    0.5694191455841064,
    0.5690709948539734,
    0.5687601566314697,
    0.5687457919120789,
    0.5684916973114014,
    0.5680107474327087,
    0.5674613118171692,
    0.5673454403877258,
    0.5672523379325867,
    0.5665983557701111,
    0.5662612915039062,
    0.5661473274230957,
    0.5658928751945496,
    0.5655306577682495,
    0.5654439926147461,
    0.5649888515472412,
    0.5646143555641174,
    0.5645089149475098,
    0.5641868710517883,
    0.5638697147369385,
    0.563709557056427,
    0.5635045766830444,
    0.5631684064865112,
    0.5627184510231018,
    0.5623924136161804,
    0.5622312426567078,
    0.5619999766349792,
    0.561518132686615,
    0.5612479448318481,
    0.5609092712402344,
    0.5606215596199036,
    0.5602762699127197,
    0.5600268244743347,
    0.5599896311759949,
    0.5597425103187561,
    0.5594294667243958,
    0.5588473081588745,
    0.5585721135139465,
    0.5582684278488159,
    0.5580228567123413,
    0.5574352145195007,
    0.5573745369911194,
    0.5568548440933228,
    0.5566203594207764,
    0.556239128112793,
    0.5559549331665039,
    0.5556783676147461,
    0.5552000403404236,
    0.5547148585319519,
    0.5542697310447693,
    0.5540909767150879,
    0.5536341667175293,
    0.5532698035240173,
    0.5529820919036865,
    0.5527803301811218,
    0.5526706576347351,
    0.5520402789115906,
    0.5513807535171509,
    0.5508045554161072,
    0.5506916642189026,
    0.5502588152885437,
    0.5500860214233398,
    0.5497617721557617,
    0.5490058064460754,
    0.5484169125556946,
    0.5482290983200073,
    0.547663152217865,
    0.5471875071525574,
    0.5465912818908691,
    0.5460798144340515,
    0.5457149744033813,
    0.5455909371376038,
    0.5447986125946045,
    0.5441829562187195,
    0.5433655977249146,
    0.5411738157272339
  ]
}