{
  "stage": "best_val",
  "epoch": 11,
  "weight_shape": [
    256,
    50000
  ],
  "singular_values": [
    14.013233184814453,
    1.0053192377090454,
    0.7375871539115906,
    0.6522094011306763,
    0.6269254684448242,
    0.6180668473243713,
    0.6169137954711914,
    0.616435170173645,
    0.6150650382041931,
    0.6141493320465088,
    0.6138536334037781,
    0.6132046580314636,
    0.6129212379455566,
    0.6123968362808228,
    0.6119921207427979,
    0.6115639209747314,
    0.6111080050468445,
    0.6107491254806519,
    0.6104922890663147,
    0.6099730730056763,
    0.6092205047607422,
    0.6090760827064514,
    0.608455240726471,
    0.607876181602478,
    0.6075928211212158,
    0.6074830889701843,
    0.6069310307502747,
    0.6068514585494995,
    0.6062983274459839,
    0.6060197353363037,
    0.6058195233345032,
    0.6047711372375488,
    0.6046886444091797,
    0.6040024757385254,
    0.6038731336593628,
    0.6037357449531555,
    0.6035370826721191,
    0.6032208204269409,
    0.6026936173439026,
    0.6023587584495544,
    0.602049708366394,
    0.6016848087310791,
    0.6012681722640991,
    0.6010305881500244,
    0.6005454659461975,
    0.6004390120506287,
    0.6003532409667969,
    0.5999800562858582,
    0.5995826721191406,
    0.5991919040679932,
    0.5988059043884277,
    0.5984697937965393,
    0.5982204675674438,
    0.5979474782943726,
    0.5975908637046814,
    0.5969186425209045,
    0.5967200398445129,
    0.5965732932090759,
    0.5964447855949402,
    0.5958807468414307,
    0.5958589911460876,
    0.5955768823623657,
    0.5952408313751221,
    0.5949961543083191,
    0.5946577787399292,
    0.5945868492126465,
    0.5940356850624084,
    0.5937499403953552,
    0.5933777093887329,
    0.5932527780532837,
    0.5929644107818604,
    0.5925589203834534,
    0.5925474166870117,
    0.5921732783317566,
    0.5919484496116638,
    0.5916216969490051,
    0.5914109349250793,
    0.5909602642059326,
    0.5905904769897461,
    0.5900958180427551,
    0.5900177359580994,
    0.5898662805557251,
    0.5895590782165527,
    0.5894973874092102,
    0.5891733169555664,
    0.5887629985809326,
    0.5884350538253784,
    0.5882183313369751,
    0.5881657004356384,
    0.587309718132019,
    0.5872682332992554,
    0.5871232151985168,
    0.5868818163871765,
    0.586726725101471,
    0.5862071514129639,
    0.5860158801078796,
    0.5855582356452942,
    0.5853946805000305,
    0.5851547718048096,
    0.5847513675689697,
    0.5847227573394775,
    0.5843144059181213,
    0.58389812707901,
    0.5837221741676331,
    0.5836140513420105,
    0.5834980010986328,
    0.5832681059837341,
    0.5830850005149841,
    0.5828356146812439,
    0.5825865268707275,
    0.582188606262207,
    0.5818336009979248,
    0.5817341804504395,
    0.5813077688217163,
    0.5810813307762146,
    0.5806460380554199,
    0.5803928971290588,
    0.5802315473556519,
    0.5800610780715942,
    0.5799221396446228,
    0.5794454216957092,
    0.5792085528373718,
    0.5790106058120728,
    0.5787748098373413,
    0.5783576369285583,
    0.5779634714126587,
    0.5777236223220825,
    0.5774794220924377,
    0.5773229598999023,
    0.5770957469940186,
    0.5769492983818054,
    0.5766226053237915,
    0.5763449668884277,
    0.5761447548866272,
    0.5756566524505615,
    0.5755627751350403,
    0.5754303932189941,
    0.5750119090080261,
    0.57465660572052,
    0.574489414691925,
    0.5742992162704468,
    0.5740761160850525,
    0.5739962458610535,
    0.5737040042877197,
    0.5735105276107788,
    0.5729158520698547,
    0.5728511810302734,
    0.5724866390228271,
    0.5723495483398438,
    0.5721449255943298,
    0.5717818737030029,
    0.5716832876205444,
    0.5707588791847229,
    0.5706673264503479,
    0.570479691028595,
    0.5703616142272949,
    0.5700854659080505,
    0.5698058009147644,
    0.5696333646774292,
    0.5694624185562134,
    0.5690874457359314,
    0.5689998865127563,
    0.5688862800598145,
    0.568540632724762,
    0.5680539608001709,
    0.5678318738937378,
    0.5677306652069092,
    0.5674586892127991,
    0.567399263381958,
    0.5670262575149536,
    0.5667773485183716,
    0.5664697289466858,
    0.5661779642105103,
    0.5658712983131409,
    0.5655980110168457,
    0.5651833415031433,
    0.5651085376739502,
    0.5645341277122498,
    0.5643526315689087,
    0.5641942024230957,
    0.5638787746429443,
    0.563706636428833,
    0.5634544491767883,
    0.5632742643356323,
    0.5631277561187744,
    0.5625179409980774,
    0.56223464012146,
    0.5620324611663818,
    0.5616405606269836,
    0.5610852837562561,
    0.5610113739967346,
    0.5607690215110779,
    0.5604695677757263,
    0.5602157711982727,
    0.5600551962852478,
    0.5597173571586609,
    0.5593953728675842,
    0.5591924786567688,
    0.5590057373046875,
    0.5585975646972656,
    0.5582981705665588,
    0.5580445528030396,
    0.5577987432479858,
    0.5577052235603333,
    0.5570001006126404,
    0.556858241558075,
    0.55660080909729,
    0.5565219521522522,
    0.5559243559837341,
    0.5556612014770508,
    0.5553775429725647,
    0.5553417205810547,
    0.5548279881477356,
    0.5543596148490906,
    0.5540512800216675,
    0.5536714196205139,
    0.5534330606460571,
    0.5532175898551941,
    0.5528934597969055,
    0.5525221824645996,
    0.5523235201835632,
    0.5521615147590637,
    0.5518146753311157,
    0.5517385005950928,
    0.551273763179779,
    0.5506769418716431,
    0.5502786636352539,
    0.5498316884040833,
    0.5494031310081482,
    0.5492088794708252,
    0.5490785837173462,
    0.5485843420028687,
    0.5479971170425415,
    0.547752320766449,
    0.54726243019104,
    0.5469505786895752,
    0.5467988848686218,
    0.5465065240859985,
    0.546163022518158,
    0.545627772808075,
    0.5452625155448914,
    0.5448978543281555,
    0.5440346002578735,
    0.5436972975730896,
    0.5433319807052612,
    0.5426052212715149,
    0.542580783367157,
    0.5417968034744263,
    0.5414223670959473,
    0.5410714745521545,
    0.540698766708374,
    0.5399269461631775,
    0.5396074056625366,
    0.5389761924743652,
    0.538083553314209,
    0.536648154258728
  ]
}